acr-dotnet-manage-azure-container-registry;https://github.com/Azure-Samples/acr-dotnet-manage-azure-container-registry
acr-dotnet-manage-azure-container-registry-with-webhooks;https://github.com/Azure-Samples/acr-dotnet-manage-azure-container-registry-with-webhooks
acr-tasks;https://github.com/Azure-Samples/acr-tasks
active-directory-b2c-dotnet-desktop;https://github.com/Azure-Samples/active-directory-b2c-dotnet-desktop
active-directory-b2c-xamarin-native;https://github.com/Azure-Samples/active-directory-b2c-xamarin-native
active-directory-dotnet-native-aspnetcore-v2;https://github.com/Azure-Samples/active-directory-dotnet-native-aspnetcore-v2
active-directory-dotnetcore-console-up-v2;https://github.com/Azure-Samples/active-directory-dotnetcore-console-up-v2
aoai-net-starterkit;https://github.com/Azure-Samples/aoai-net-starterkit
api-management-schema-import;https://github.com/Azure-Samples/api-management-schema-import
app-service-dotnet-access-key-vault-by-msi-for-web-apps;https://github.com/Azure-Samples/app-service-dotnet-access-key-vault-by-msi-for-web-apps
app-service-dotnet-configure-deployment-sources-for-functions;https://github.com/Azure-Samples/app-service-dotnet-configure-deployment-sources-for-functions
app-service-dotnet-configure-deployment-sources-for-web-apps;https://github.com/Azure-Samples/app-service-dotnet-configure-deployment-sources-for-web-apps
app-service-dotnet-configure-deployment-sources-for-web-apps-async;https://github.com/Azure-Samples/app-service-dotnet-configure-deployment-sources-for-web-apps-async
app-service-dotnet-configure-deployment-sources-for-web-apps-on-linux;https://github.com/Azure-Samples/app-service-dotnet-configure-deployment-sources-for-web-apps-on-linux
app-service-dotnet-deploy-image-from-acr-to-linux;https://github.com/Azure-Samples/app-service-dotnet-deploy-image-from-acr-to-linux
app-service-dotnet-manage-authentication-for-functions;https://github.com/Azure-Samples/app-service-dotnet-manage-authentication-for-functions
app-service-dotnet-manage-authentication-for-web-apps;https://github.com/Azure-Samples/app-service-dotnet-manage-authentication-for-web-apps
app-service-dotnet-manage-data-connections-for-web-apps;https://github.com/Azure-Samples/app-service-dotnet-manage-data-connections-for-web-apps
app-service-dotnet-manage-data-connections-for-web-apps-on-linux;https://github.com/Azure-Samples/app-service-dotnet-manage-data-connections-for-web-apps-on-linux
app-service-dotnet-manage-functions;https://github.com/Azure-Samples/app-service-dotnet-manage-functions
app-service-dotnet-manage-functions-with-custom-domains;https://github.com/Azure-Samples/app-service-dotnet-manage-functions-with-custom-domains
app-service-dotnet-manage-logs-for-function-apps;https://github.com/Azure-Samples/app-service-dotnet-manage-logs-for-function-apps
app-service-dotnet-manage-staging-and-production-slots-for-web-apps;https://github.com/Azure-Samples/app-service-dotnet-manage-staging-and-production-slots-for-web-apps
app-service-dotnet-manage-storage-connections-for-web-apps;https://github.com/Azure-Samples/app-service-dotnet-manage-storage-connections-for-web-apps
app-service-dotnet-manage-storage-connections-for-web-apps-on-linux;https://github.com/Azure-Samples/app-service-dotnet-manage-storage-connections-for-web-apps-on-linux
app-service-dotnet-manage-web-apps;https://github.com/Azure-Samples/app-service-dotnet-manage-web-apps
app-service-dotnet-manage-web-apps-on-linux;https://github.com/Azure-Samples/app-service-dotnet-manage-web-apps-on-linux
app-service-dotnet-manage-web-apps-on-linux-with-custom-domains;https://github.com/Azure-Samples/app-service-dotnet-manage-web-apps-on-linux-with-custom-domains
app-service-dotnet-manage-web-apps-with-custom-domains;https://github.com/Azure-Samples/app-service-dotnet-manage-web-apps-with-custom-domains
app-service-dotnet-scale-web-apps;https://github.com/Azure-Samples/app-service-dotnet-scale-web-apps
app-service-dotnet-scale-web-apps-on-linux;https://github.com/Azure-Samples/app-service-dotnet-scale-web-apps-on-linux
aws-serverless-developer-experience-workshop-dotnet;https://github.com/aws-samples/aws-serverless-developer-experience-workshop-dotnet
azure-openai-reverse-proxy;https://github.com/Azure-Samples/azure-openai-reverse-proxy
azure-search-dotnet-scale;https://github.com/Azure-Samples/azure-search-dotnet-scale
azure-sql-binding-func-dotnet-todo;https://github.com/Azure-Samples/azure-sql-binding-func-dotnet-todo
azure-sql-db-dotnet-rest-api;https://github.com/Azure-Samples/azure-sql-db-dotnet-rest-api
azure-sql-db-fullstack-serverless-kickstart;https://github.com/Azure-Samples/azure-sql-db-fullstack-serverless-kickstart
azure-sql-db-fusioncache;https://github.com/Azure-Samples/azure-sql-db-fusioncache
azure-sql-db-sync-api-change-tracking;https://github.com/Azure-Samples/azure-sql-db-sync-api-change-tracking
azure-sql-db-who-am-i;https://github.com/Azure-Samples/azure-sql-db-who-am-i
build-your-first-orleans-app-aspnetcore;https://github.com/Azure-Samples/build-your-first-orleans-app-aspnetcore
cdn-dotnet-manage-cdn;https://github.com/Azure-Samples/cdn-dotnet-manage-cdn
communication-services-ui-library-maui;https://github.com/Azure-Samples/communication-services-ui-library-maui
communication-services-ui-library-xamarin;https://github.com/Azure-Samples/communication-services-ui-library-xamarin
compute-dotnet-manage-user-assigned-msi-enabled-virtual-machine;https://github.com/Azure-Samples/compute-dotnet-manage-user-assigned-msi-enabled-virtual-machine
compute-dotnet-manage-vm-async;https://github.com/Azure-Samples/compute-dotnet-manage-vm-async
cosmos-db-nosql-dotnet-samples;https://github.com/Azure-Samples/cosmos-db-nosql-dotnet-samples
cosmos-dotnet-core-getting-started;https://github.com/Azure-Samples/cosmos-dotnet-core-getting-started
cosmosdb-dotnet-create-cosmosdb-and-get-mongodb-connection-string;https://github.com/Azure-Samples/cosmosdb-dotnet-create-cosmosdb-and-get-mongodb-connection-string
digital-twins-docs-code;https://github.com/Azure-Samples/digital-twins-docs-code
digital-twins-iothub-integration;https://github.com/Azure-Samples/digital-twins-iothub-integration
dns-dotnet-host-and-manage-your-domains;https://github.com/Azure-Samples/dns-dotnet-host-and-manage-your-domains
durablefunctions-apiscraping-dotnet;https://github.com/Azure-Samples/durablefunctions-apiscraping-dotnet
e2e-dotnetcore-function-sendemail;https://github.com/Azure-Samples/e2e-dotnetcore-function-sendemail
eventhub-dotnet-manage-event-hub;https://github.com/Azure-Samples/eventhub-dotnet-manage-event-hub
eventhub-dotnet-manage-event-hub-events;https://github.com/Azure-Samples/eventhub-dotnet-manage-event-hub-events
eventhub-dotnet-manage-event-hub-geo-disaster-recovery;https://github.com/Azure-Samples/eventhub-dotnet-manage-event-hub-geo-disaster-recovery
functions-docs-csharp;https://github.com/Azure-Samples/functions-docs-csharp
http-trigger-azure-function-premium-plan;https://github.com/Azure-Samples/http-trigger-azure-function-premium-plan
Hybrid-CSharp-Samples;https://github.com/Azure-Samples/Hybrid-CSharp-Samples
iot-reliable-edge-relay;https://github.com/Azure-Samples/iot-reliable-edge-relay
iothub-to-azure-maps-geofencing;https://github.com/Azure-Samples/iothub-to-azure-maps-geofencing
key-vault-dotnet-manage-key-vaults;https://github.com/Azure-Samples/key-vault-dotnet-manage-key-vaults
managed-disk-dotnet-convert-existing-virtual-machines-to-use-managed-disks;https://github.com/Azure-Samples/managed-disk-dotnet-convert-existing-virtual-machines-to-use-managed-disks
managed-disk-dotnet-create-virtual-machine-using-custom-image;https://github.com/Azure-Samples/managed-disk-dotnet-create-virtual-machine-using-custom-image
managed-disk-dotnet-create-virtual-machine-using-custom-image-from-VHD;https://github.com/Azure-Samples/managed-disk-dotnet-create-virtual-machine-using-custom-image-from-VHD
MipSDK-Protection-Dotnet-Quickstart;https://github.com/Azure-Samples/MipSDK-Protection-Dotnet-Quickstart
monitor-dotnet-activitylog-alerts-on-security-breach-or-risk;https://github.com/Azure-Samples/monitor-dotnet-activitylog-alerts-on-security-breach-or-risk
monitor-dotnet-autoscale-based-on-performance;https://github.com/Azure-Samples/monitor-dotnet-autoscale-based-on-performance
monitor-dotnet-metric-alerts-on-critical-performance;https://github.com/Azure-Samples/monitor-dotnet-metric-alerts-on-critical-performance
ms-identity-aspnet-daemon-webapp;https://github.com/Azure-Samples/ms-identity-aspnet-daemon-webapp
ms-identity-docs-code-dotnet;https://github.com/Azure-Samples/ms-identity-docs-code-dotnet
ms-identity-dotnetcore-daemon-graph-cae;https://github.com/Azure-Samples/ms-identity-dotnetcore-daemon-graph-cae
msal-managed-identity;https://github.com/Azure-Samples/msal-managed-identity
msdocs-app-service-sqldb-dotnetcore;https://github.com/Azure-Samples/msdocs-app-service-sqldb-dotnetcore
network-dotnet-create-simple-internet-facing-load-balancer;https://github.com/Azure-Samples/network-dotnet-create-simple-internet-facing-load-balancer
network-dotnet-manage-internal-load-balancers;https://github.com/Azure-Samples/network-dotnet-manage-internal-load-balancers
network-dotnet-manage-internet-facing-load-balancers;https://github.com/Azure-Samples/network-dotnet-manage-internet-facing-load-balancers
network-dotnet-manage-ip-address;https://github.com/Azure-Samples/network-dotnet-manage-ip-address
network-dotnet-manage-network-interface;https://github.com/Azure-Samples/network-dotnet-manage-network-interface
network-dotnet-manage-network-peering;https://github.com/Azure-Samples/network-dotnet-manage-network-peering
network-dotnet-manage-network-security-group;https://github.com/Azure-Samples/network-dotnet-manage-network-security-group
network-dotnet-manage-virtual-network;https://github.com/Azure-Samples/network-dotnet-manage-virtual-network
network-dotnet-manage-virtual-network-async;https://github.com/Azure-Samples/network-dotnet-manage-virtual-network-async
network-dotnet-manage-virtual-network-to-virtual-network-vpn-connection;https://github.com/Azure-Samples/network-dotnet-manage-virtual-network-to-virtual-network-vpn-connection
network-dotnet-manage-virtual-network-with-site-to-site-vpn-connection;https://github.com/Azure-Samples/network-dotnet-manage-virtual-network-with-site-to-site-vpn-connection
Orleans-Cluster-on-Azure-App-Service;https://github.com/Azure-Samples/Orleans-Cluster-on-Azure-App-Service
quote-of-the-day-dotnet;https://github.com/Azure-Samples/quote-of-the-day-dotnet
resources-dotnet-deploy-using-arm-template-with-progress;https://github.com/Azure-Samples/resources-dotnet-deploy-using-arm-template-with-progress
saga-orchestration-netcore-blog;https://github.com/aws-samples/saga-orchestration-netcore-blog
search-dotnet-getting-started;https://github.com/Azure-Samples/search-dotnet-getting-started
secure-tunneling-azure-relay;https://github.com/Azure-Samples/secure-tunneling-azure-relay
traffic-manager-dotnet-manage-profiles;https://github.com/Azure-Samples/traffic-manager-dotnet-manage-profiles